{
    "rmse": 0.6846172586851058,
    "mae": 0.5461216767438996,
    "r2": 0.24231243705661576
}